Ian DeGroot, ian.degroot@yahoo.com, NA
Brenna Zalewski, brenna.z@yahoo.com, Adam Zalewski, Ian DeGroot
Adam Zalewski, adam.z@yahoo.com, Brenna Zalewski
Joseph Dunne, joseph.d@yahoo.com, NA
Catherine Gerhardt, catherine.g@yahoo.com, Travis Gerhardt
Travis Gerhardt, travis.g@yahoo.com, Catherine Gerhardt
